17605070381,17605070381name,22222
17605070382,17605070382name,22222
17605070383,17605070383name,22222
17605070384,17605070384name,22222
17605070385,17605070385name,22222
17605070386,17605070386name,22222
17605070387,17605070387name,22222
17605070388,17605070388name,22222
17605070389,17605070389name,22222
176050703810,176050703810name,22222
176050703811,176050703811name,22222
176050703812,176050703812name,22222
176050703813,176050703813name,22222
176050703814,176050703814name,22222
176050703815,176050703815name,22222
176050703816,176050703816name,22222
176050703817,176050703817name,22222
176050703818,176050703818name,22222
176050703819,176050703819name,22222
176050703820,176050703820name,22222
176050703821,176050703821name,22222
176050703822,176050703822name,22222
176050703823,176050703823name,22222
176050703824,176050703824name,22222
176050703825,176050703825name,22222
176050703826,176050703826name,22222
176050703827,176050703827name,22222
176050703828,176050703828name,22222
176050703829,176050703829name,22222
176050703830,176050703830name,22222
176050703831,176050703831name,22222
176050703832,176050703832name,22222
176050703833,176050703833name,22222
176050703834,176050703834name,22222
176050703835,176050703835name,22222
176050703836,176050703836name,22222
176050703837,176050703837name,22222
176050703838,176050703838name,22222
176050703839,176050703839name,22222
176050703840,176050703840name,22222
176050703841,176050703841name,22222
176050703842,176050703842name,22222
176050703843,176050703843name,22222
176050703844,176050703844name,22222
176050703845,176050703845name,22222
176050703846,176050703846name,22222
176050703847,176050703847name,22222
176050703848,176050703848name,22222
176050703849,176050703849name,22222
176050703850,176050703850name,22222
176050703851,176050703851name,22222
176050703852,176050703852name,22222
176050703853,176050703853name,22222
176050703854,176050703854name,22222
176050703855,176050703855name,22222
176050703856,176050703856name,22222
176050703857,176050703857name,22222
176050703858,176050703858name,22222
176050703859,176050703859name,22222
176050703860,176050703860name,22222
176050703861,176050703861name,22222
176050703862,176050703862name,22222
176050703863,176050703863name,22222
176050703864,176050703864name,22222
176050703865,176050703865name,22222
176050703866,176050703866name,22222
176050703867,176050703867name,22222
176050703868,176050703868name,22222
176050703869,176050703869name,22222
176050703870,176050703870name,22222
176050703871,176050703871name,22222
176050703872,176050703872name,22222
176050703873,176050703873name,22222
176050703874,176050703874name,22222
176050703875,176050703875name,22222
176050703876,176050703876name,22222
176050703877,176050703877name,22222
176050703878,176050703878name,22222
176050703879,176050703879name,22222
176050703880,176050703880name,22222
176050703881,176050703881name,22222
176050703882,176050703882name,22222
176050703883,176050703883name,22222
176050703884,176050703884name,22222
176050703885,176050703885name,22222
176050703886,176050703886name,22222
176050703887,176050703887name,22222
176050703888,176050703888name,22222
176050703889,176050703889name,22222
176050703890,176050703890name,22222
176050703891,176050703891name,22222
176050703892,176050703892name,22222
176050703893,176050703893name,22222
176050703894,176050703894name,22222
176050703895,176050703895name,22222
176050703896,176050703896name,22222
176050703897,176050703897name,22222
176050703898,176050703898name,22222
176050703899,176050703899name,22222
